{
    "$schema": "http://schema.management.azure.com/schemas/2015-01-01/deploymentTemplate.json#",
    "contentVersion": "1.0.0.0",
    "parameters": {
        "location": {
            "type": "String"
        },
        "resourceGroup": {
            "type": "String"
        },
        "firewallPolicyName": {
            "type": "String"
        }
    },
    "variables": {},
    "resources": [
        {
            "type": "Microsoft.Network/firewallPolicies",
            "apiVersion": "2022-07-01",
            "name": "[parameters('firewallPolicyName')]",
            "location": "[parameters('location')]",
            "dependsOn": [],
            "tags": {},
            "properties": {
                "sku": {
                    "tier": "Basic"
                },
                "threatIntelMode": "Off",
                "threatIntelWhitelist": {
                    "fqdns": [],
                    "ipAddresses": []
                }
            },
            "resources": [
                {
                    "type": "ruleCollectionGroups",
                    "apiVersion": "2022-07-01",
                    "name": "DefaultNetworkRuleCollectionGroup",
                    "location": "[parameters('location')]",
                    "dependsOn": [
                        "[resourceId('Microsoft.Network/firewallPolicies',parameters('firewallPolicyName'))]"
                    ],
                    "properties": {
                        "priority": 200,
                        "ruleCollections": [
                            {
                                "name": "rule-network-af",
                                "priority": 100,
                                "action": {
                                    "type": "Allow"
                                },
                                "rules": [
                                    {
                                        "name": "VM",
                                        "ipProtocols": [
                                            "TCP"
                                        ],
                                        "destinationPorts": [
                                            "22"
                                        ],
                                        "sourceAddresses": [
                                            "192.168.0.0/24"
                                        ],
                                        "sourceIpGroups": [],
                                        "ruleType": "NetworkRule",
                                        "destinationIpGroups": [],
                                        "destinationAddresses": [
                                            "10.0.0.0/16"
                                        ],
                                        "destinationFqdns": []
                                    }
                                ],
                                "ruleCollectionType": "FirewallPolicyFilterRuleCollection"
                            }
                        ]
                    }
                },
                {
                    "type": "ruleCollectionGroups",
                    "apiVersion": "2022-07-01",
                    "name": "DefaultApplicationRuleCollectionGroup",
                    "location": "[parameters('location')]",
                    "dependsOn": [
                        "[concat('Microsoft.Network/firewallPolicies/', parameters('firewallPolicyName'), '/ruleCollectionGroups/', 'DefaultNetworkRuleCollectionGroup')]",
                        "[resourceId('Microsoft.Network/firewallPolicies',parameters('firewallPolicyName'))]"
                    ],
                    "properties": {
                        "priority": 300,
                        "ruleCollections": [
                            {
                                "name": "rule-websitePreSecure-af",
                                "priority": 1001,
                                "action": {
                                    "type": "Allow"
                                },
                                "rules": [
                                    {
                                        "name": "website",
                                        "protocols": [
                                            {
                                                "protocolType": "http",
                                                "port": 80
                                            }
                                        ],
                                        "terminateTLS": false,
                                        "sourceAddresses": [
                                            "0.0.0.0"
                                        ],
                                        "sourceIpGroups": [],
                                        "targetFqdns": [
                                            "www.PreSecure.com"
                                        ],
                                        "targetUrls": [],
                                        "fqdnTags": [],
                                        "webCategories": [],
                                        "ruleType": "ApplicationRule"
                                    }
                                ],
                                "ruleCollectionType": "FirewallPolicyFilterRuleCollection"
                            }
                        ]
                    }
                }
            ]
        }
    ]
}